Title,Price,Rating
"16.0-inch Laptop, 16GB DDR4 512GB SSD, Windows 11 Laptop with Intel 12th Quad-Core Processor(Up to 3.6GHz), 1920P FHD Display, Metal Shell, WiFi 6, USB3.2, Type_C, Long Battery Life",$389.99,4.4 out of 5 stars
"Laptop Computer,15.6In Windows 11 Pro Laptop with ntel Quad-12th Alder Lake N97(Up to 3.6GHz), 16GB DDR4 512GB SSD Laptop, Support, WiFi, BT5.0, Speaker, 180° Opening and Closing,Mic",$359.99,5.0 out of 5 stars
"HP 14"" Ultral Light Laptop for Students and Business, Intel Quad-Core, 8GB RAM, 192GB Storage(64GB eMMC+128GB Ghost Manta SD Card), 1 Year Office 365, USB C, Win 11 S",$212.00,4.1 out of 5 stars
"16.0-inch Laptop, 16GB DDR4 512GB SSD, Windows 11 Laptop with Intel 12th Quad-Core Processor(Up to 3.6GHz), 1920P FHD Display, Metal Shell, WiFi 6, USB3.2, Type_C, Long Battery Life",$389.99,4.4 out of 5 stars
"2024 Newest Gaming Laptop, 16.1-inch FHD Display Laptop with AMD Ryzen 7 5825U Processor(8C/16T) with Backlit Keyboard,16GB DDR4 512GB M.2 2280 NVMe SSD Laptop Computer,Type-C WiFi6",$599.98,5.0 out of 5 stars
"HP Flagship 14"" HD Laptop with 1 Year Office 365 | 16GB RAM | 1.22TB Storage(64GB EMMC & 160GB Docking Station Set & 1TB Cloud Storage) | Intel 4-Core Processor | Webcam | Win 11s | White",$279.00,4.5 out of 5 stars
"Laptop, 15.6 Inch Laptops, Windows 11 Computer, 20GB DDR4, 128GB EMMC+1024GB SSD Storage, Expansion 4TB, Celeron N5095 Quad-Core, Office 365 1-Year, WiFi 6, HDMI, Type-C, USB3.2 * 3(Gray)",$329.93,4.2 out of 5 stars
"ACEMAGIC 2024 Newest Gaming Laptop, 16.1-inch FHD Display Laptop with AMD Ryzen 7 5000 Series Processor(8C/16T), 16GB RAM 512GB ROM Laptop Computer, Support WiFi 6, 53Wh Battery, Backlit Keyboard",$599.98,4.5 out of 5 stars
"AOC Gaming Laptop with AMD Ryzen 7 Processor(8C/16T, Up to 4.3GHz) 16.1“ FHD Display Laptop Computer with Backlit Keyboard, 16GB RAM 512GB NVMe SSD, WiFi 6, HDMI, USB3.2, Type-C, 53Wh Battery",$579.98,4.3 out of 5 stars
"ASUS 14"" FHD Laptop, Intel Celeron N4500 Processor, 4GB RAM, 224GB Storage(64GB eMMC+160GB Docking Station Set), Intel Iris Xe Graphics, 720P Camera, Bluetooth, Win 11 S, Quiet Blue",$179.10,4.0 out of 5 stars
"ACEMAGIC Laptop, Newest Windows 11 Laptop Computer,16GB DDR4 512GB SSD Gaming Laptop, 15.6 inch Quad-Core Processor, 180° Open Angle,Long Battery Life,Metal Shell,WiFi,USB3.2, Type C",$359.89,4.3 out of 5 stars
"2024 Newest Gaming Laptop, 16.1-inch FHD Display Laptop with AMD Ryzen 7 5825U Processor(8C/16T) with Backlit Keyboard,16GB DDR4 512GB M.2 2280 NVMe SSD Laptop Computer,Type-C WiFi6",$599.98,5.0 out of 5 stars
Laptop Computer Windows Laptop 16GB DDR4 512GB M.2 SSD Traditional Laptop Computers 15.6-inch IPS FHD Windows11 WIFI5 BT5.0 HDMI Type-C USB3.2 Home Laptops Office Laptops,$359.99,5.0 out of 5 stars
"acer Nitro V Gaming Laptop | AMD Ryzen 5 7535HS Hexa-Core Processor | NVIDIA GeForce RTX 4050 Laptop GPU | 15.6"" FHD IPS 144Hz Display | 8GB DDR5 | 512GB SSD | WiFi 6 | Backlit KB | ANV15-41-R5N6",,4.2 out of 5 stars
"AOC Gaming Laptop, 16.1” FHD Display, AMD Ryzen 7 Octa-Core CPU, 16GB RAM 512GB SSD, Windows 11 Laptop Computer, Wi-Fi 6, Backlit Keyboard, HDMI, USB3.2, Type-C, 53Wh Battery, Metal Shell",$599.99,4.4 out of 5 stars
"Laptop Screen Extender, 14"" FHD 1080P IPS Laptop Monitor Extender Dual Screen, Portable Monitor for Laptops 13-17"" with USB-C/HDMI Port, Plug n Play for Windows/Mac/Android/Switch/PS5",$169.99,4.6 out of 5 stars
"5 Pack Faraday Bags for Laptops & Tablets & Phones & Car Keys, Faraday Cage with Handle, Anti-Tracking Faraday Key Fob Protector (5pcs)",$26.89,4.7 out of 5 stars
"BAGSMART Laptop Backpack for Men, Mens Backpack with Retractable Cable, 17 Inch Business Backpack for Men, College Computer Backpack, Grey",$17.99,4.4 out of 5 stars
